epoch,step,val_acc,val_balanced_acc,val_macro_precision,val_macro_recall,val_macro_f1,val_weighted_f1,test_acc,test_loss,test_balanced_acc,test_macro_precision,test_macro_recall,test_macro_f1,test_weighted_f1
0,0,0.9974632843791722,0.9975244862129841,0.99753513737258,0.9975244862129841,0.9975253643341536,0.9974626660215354,0.9982907808994765,,0.9982907808994766,0.998294411124759,0.9982907808994766,0.9982908378998588,0.998290837899859
