epoch,step,val_acc,val_balanced_acc,val_macro_precision,val_macro_recall,val_macro_f1,val_weighted_f1,test_acc,test_loss,test_balanced_acc,test_macro_precision,test_macro_recall,test_macro_f1,test_weighted_f1
0,0,0.9821428571428571,0.9861111111111112,0.9761904761904762,0.9861111111111112,0.9807626245276537,0.9822348726505373,0.9,,0.904823428079242,0.8916666666666666,0.904823428079242,0.896427816529275,0.9008243500317057
