epoch,step,test_acc,test_loss,test_balanced_acc,test_macro_precision,test_macro_recall,test_macro_f1,test_weighted_f1
0,0,0.9019607843137255,,0.8076923076923077,0.9418604651162791,0.8076923076923077,0.8500881834215167,0.8933153508316906
